{"scenario_1": {"q_hist": [28.42, 28.46, 29.21, 30.080000000000002, 30.159999999999997, 30.330000000000002, 30.18, 30.070000000000004, 30.97, 30.680000000000003, 30.36, 31.430000000000003, 32.33, 32.53, 32.47, 32.690000000000005, 33.160000000000004, 32.7, 32.39, 32.75, 32.82, 33.35, 34.239999999999995, 34.2, 33.51, 34.62, 34.88, 34.160000000000004, 34.510000000000005, 35.06, 35.06, 34.8, 34.33, 34.31, 35.69, 35.870000000000005, 35.03, 35.839999999999996, 36.83, 36.720000000000006, 37.2, 37.04, 36.61, 37.05, 37.269999999999996, 37.63, 37.91, 38.12, 38.1, 37.22, 36.89, 37.56, 37.8, 37.5, 37.669999999999995, 37.99, 38.51, 38.64, 38.550000000000004, 38.53, 38.019999999999996, 38.33, 39.22, 38.769999999999996, 38.78, 38.84, 38.09, 38.06, 37.72, 38.01, 38.81, 38.71, 38.78, 38.78, 38.76, 39.56, 39.53, 39.76, 40.08, 38.49, 38.95, 40.23, 39.86, 40.38, 39.76, 39.51, 40.54, 40.93, 40.75, 40.58, 40.37, 39.739999999999995, 39.64, 40.69, 40.94, 40.160000000000004, 40.21, 39.900000000000006, 40.45, 41.730000000000004], "s_hist": [31.56, 31.22, 30.959999999999997, 31.35, 31.929999999999996, 32.33, 32.99, 33.040000000000006, 32.550000000000004, 32.26, 32.71, 34.37, 33.98, 33.44, 33.87, 34.0, 34.55, 34.48, 34.489999999999995, 34.88, 34.89, 35.57, 36.93, 36.69, 36.18, 36.8, 36.68, 36.35, 36.08, 35.88, 36.76, 37.35, 37.86, 37.61, 36.730000000000004, 36.91, 37.169999999999995, 36.93, 37.25, 38.09, 37.53, 37.43, 38.769999999999996, 38.25, 37.65, 38.34, 38.519999999999996, 38.42, 37.71, 38.15, 39.1, 38.96, 39.56, 40.2, 39.910000000000004, 39.379999999999995, 39.269999999999996, 39.76, 39.78, 39.93, 40.39, 40.92, 40.63, 39.36, 39.4, 39.78, 40.410000000000004, 40.660000000000004, 40.93, 40.67, 40.03, 40.43, 40.33, 40.08, 40.17, 40.14, 40.47, 40.79, 40.89, 41.24, 41.23, 40.98, 40.67, 40.89, 40.62, 40.760000000000005, 41.199999999999996, 40.760000000000005, 40.87, 40.65, 40.339999999999996, 40.58, 41.03, 41.63, 41.199999999999996, 40.94, 41.43, 41.13, 41.410000000000004, 41.4]}, "scenario_2": {"q_hist": [27.700000000000003, 28.16, 28.07, 28.78, 29.87, 29.709999999999997, 29.87, 31.03, 31.230000000000004, 30.919999999999998, 31.569999999999997, 31.740000000000002, 31.66, 31.59, 32.129999999999995, 32.65, 32.72, 33.09, 33.26, 33.0, 33.12, 33.300000000000004, 33.839999999999996, 33.839999999999996, 33.75, 34.25, 33.96, 34.14, 34.25, 33.62, 34.13, 34.83, 34.9, 34.64, 35.32, 36.38, 36.27, 36.08, 35.57, 36.17, 37.3, 36.919999999999995, 36.84, 37.330000000000005, 36.61, 36.47, 37.1, 37.14, 36.94, 36.78, 36.68, 36.86, 37.35, 37.580000000000005, 38.080000000000005, 38.440000000000005, 37.89, 37.81, 37.79, 37.6, 38.07, 38.07, 37.71, 37.92, 38.5, 38.31, 38.73, 38.98, 38.95, 39.42, 39.95, 39.28, 38.62, 39.31, 39.21, 38.91, 39.37, 39.65, 39.68, 39.71, 39.550000000000004, 39.129999999999995, 39.18, 39.25, 39.39, 40.35, 40.2, 39.45, 38.43, 39.17, 40.589999999999996, 40.1, 39.87, 40.65, 40.77, 39.72, 39.39, 40.21, 40.5, 40.53], "s_hist": [29.759999999999998, 30.28, 31.46, 31.45, 31.3, 32.2, 32.53, 32.76, 33.09, 33.31, 34.02, 33.6, 33.17, 33.06, 33.45, 34.510000000000005, 34.99, 35.15, 35.510000000000005, 35.33, 34.93, 35.05, 35.730000000000004, 36.449999999999996, 35.82, 36.49, 36.93, 36.36, 36.64, 36.8, 36.65, 36.59, 36.5, 37.08, 37.940000000000005, 37.57, 37.49, 37.61, 36.9, 37.43, 38.14, 38.31, 38.3, 38.080000000000005, 37.74, 37.76, 38.550000000000004, 39.35, 38.6, 38.32, 39.22, 39.44, 40.12, 39.98, 38.54, 38.4, 39.11, 39.290000000000006, 39.57, 39.18, 38.98, 39.86, 39.989999999999995, 39.5, 39.79, 39.92, 40.37, 40.18, 39.81, 40.550000000000004, 40.300000000000004, 39.879999999999995, 39.95, 39.89, 40.53, 40.54, 40.08, 40.760000000000005, 40.89, 40.32, 41.120000000000005, 41.6, 41.07, 41.3, 40.92, 41.56, 42.05, 41.099999999999994, 40.42, 40.1, 40.589999999999996, 41.19, 41.42, 40.71, 40.21, 40.22, 40.53, 41.42, 41.38, 41.510000000000005]}, "scenario_4": {"q_hist": [28.42, 29.68, 29.020000000000003, 29.87, 30.89, 29.709999999999997, 30.630000000000003, 30.680000000000003, 30.86, 30.659999999999997, 31.269999999999996, 32.98, 32.66, 31.869999999999997, 32.28, 32.12, 32.85, 33.4, 33.739999999999995, 33.45, 34.37, 33.78, 34.48, 35.52, 34.150000000000006, 35.11, 35.120000000000005, 34.61, 35.49, 35.65, 35.14, 35.55, 36.97, 36.230000000000004, 35.9, 35.980000000000004, 35.79, 36.15, 36.36, 36.83, 36.95, 36.18, 37.26, 36.809999999999995, 37.38, 37.330000000000005, 38.45, 37.5, 38.33, 37.39, 37.54, 38.35, 38.33, 38.54, 38.019999999999996, 37.54, 38.79, 38.15, 38.31, 38.629999999999995, 39.17, 38.62, 38.05, 38.04, 39.410000000000004, 38.81, 38.39, 38.629999999999995, 38.36, 39.7, 39.23, 39.46, 39.5, 38.68, 39.95, 40.089999999999996, 40.29, 39.4, 38.21, 39.04, 40.65, 39.61, 40.239999999999995, 39.96, 38.73, 39.77, 40.64, 40.510000000000005, 40.21, 38.89, 40.660000000000004, 40.01, 39.36, 39.12, 40.26, 39.739999999999995, 39.47, 40.86, 40.6, 41.48], "s_hist": [29.38, 31.5, 31.119999999999997, 32.019999999999996, 31.900000000000002, 33.1, 32.71, 32.800000000000004, 33.33, 33.58, 33.48, 34.9, 34.58, 34.54, 35.5, 34.19, 34.589999999999996, 36.059999999999995, 36.29, 35.25, 36.25, 35.99, 37.4, 36.13, 37.29, 37.24, 37.57, 38.279999999999994, 37.37, 36.83, 38.85, 38.269999999999996, 37.87, 37.32, 36.94, 37.38, 37.79, 37.75, 38.16, 38.940000000000005, 38.62, 38.47, 38.68, 39.160000000000004, 37.91, 38.18, 37.13, 39.44, 39.45, 39.32, 39.64, 39.46, 39.77, 39.83, 38.91, 40.25, 39.269999999999996, 39.489999999999995, 40.089999999999996, 40.129999999999995, 38.769999999999996, 39.989999999999995, 40.2, 39.61, 39.53, 39.97, 40.28, 39.93, 40.489999999999995, 40.22, 39.98, 41.22, 40.99, 40.78, 41.47, 40.65, 40.54, 40.589999999999996, 39.51, 40.03, 39.31, 40.75, 39.98, 39.96, 40.42, 40.589999999999996, 40.67, 41.48, 41.38, 40.660000000000004, 40.44, 40.72, 41.44, 40.29, 40.27, 40.69, 40.910000000000004, 41.32, 40.48, 41.15]}}